hAPF,apoptosis,reintegrations,divisions,delaminations,cell number,pupa,geno
12,0,0,8,0,1200,p1,wt
12.08333333,0,0,4,0,1204,p1,wt
12.16666667,1,0,2,0,1205,p1,wt
12.25,0,0,2,0,1207,p1,wt
12.33333333,0,0,1,0,1208,p1,wt
12.41666667,0,0,1,0,1209,p1,wt
12.5,0,0,3,0,1212,p1,wt
12.58333333,0,0,2,0,1214,p1,wt
12.66666667,0,0,3,0,1217,p1,wt
12.75,0,0,2,0,1219,p1,wt
12.83333333,0,0,2,0,1221,p1,wt
12.91666667,0,0,2,0,1223,p1,wt
13,0,0,6,0,1229,p1,wt
13.08333333,1,0,4,0,1232,p1,wt
13.16666667,0,0,4,0,1236,p1,wt
13.25,0,0,3,0,1239,p1,wt
13.33333333,1,0,2,0,1240,p1,wt
13.41666667,0,0,3,0,1243,p1,wt
13.5,0,0,6,0,1249,p1,wt
13.58333333,0,0,1,0,1250,p1,wt
13.66666667,0,0,6,0,1256,p1,wt
13.75,0,0,5,0,1261,p1,wt
13.83333333,0,0,9,0,1270,p1,wt
13.91666667,0,0,13,0,1283,p1,wt
14,0,0,12,0,1295,p1,wt
14.08333333,0,0,21,0,1316,p1,wt
14.16666667,0,0,20,0,1336,p1,wt
14.25,1,0,23,0,1358,p1,wt
14.33333333,0,0,40,2,1398,p1,wt
14.41666667,0,0,57,0,1455,p1,wt
14.5,0,0,56,0,1511,p1,wt
14.58333333,0,0,43,0,1554,p1,wt
14.66666667,0,0,59,0,1613,p1,wt
14.75,0,0,54,0,1667,p1,wt
14.83333333,0,0,48,0,1715,p1,wt
14.91666667,0,0,46,0,1761,p1,wt
15,0,0,41,0,1802,p1,wt
15.08333333,0,0,32,0,1834,p1,wt
15.16666667,0,0,29,0,1863,p1,wt
15.25,0,0,38,0,1901,p1,wt
15.33333333,1,0,20,0,1920,p1,wt
15.41666667,0,0,26,0,1946,p1,wt
15.5,0,0,24,0,1970,p1,wt
15.58333333,0,0,27,0,1997,p1,wt
15.66666667,0,0,24,0,2021,p1,wt
15.75,0,0,15,0,2036,p1,wt
15.83333333,0,0,22,0,2058,p1,wt
15.91666667,0,0,18,0,2076,p1,wt
16,1,0,12,0,2087,p1,wt
16.08333333,0,0,21,0,2108,p1,wt
16.16666667,0,0,17,0,2125,p1,wt
16.25,1,0,8,0,2132,p1,wt
16.33333333,0,0,18,0,2150,p1,wt
16.41666667,0,0,20,0,2170,p1,wt
16.5,0,0,20,0,2190,p1,wt
16.58333333,0,0,23,0,2213,p1,wt
16.66666667,1,0,8,0,2220,p1,wt
16.75,0,0,12,0,2232,p1,wt
16.83333333,2,0,11,0,2241,p1,wt
16.91666667,1,1,13,0,2254,p1,wt
17,0,0,9,0,2263,p1,wt
17.08333333,0,0,11,0,2274,p1,wt
17.16666667,0,0,13,0,2287,p1,wt
17.25,0,0,10,0,2297,p1,wt
17.33333333,1,0,12,0,2308,p1,wt
17.41666667,2,0,16,0,2322,p1,wt
17.5,0,0,7,0,2329,p1,wt
17.58333333,1,0,14,0,2342,p1,wt
17.66666667,0,0,14,0,2356,p1,wt
17.75,0,0,16,0,2372,p1,wt
17.83333333,3,0,2,0,2371,p1,wt
17.91666667,2,0,15,0,2384,p1,wt
18,0,0,8,0,2392,p1,wt
18.08333333,1,0,13,0,2404,p1,wt
18.16666667,1,0,15,0,2418,p1,wt
18.25,1,0,15,0,2432,p1,wt
18.33333333,0,0,10,0,2442,p1,wt
18.41666667,2,0,15,0,2455,p1,wt
18.5,1,0,16,0,2470,p1,wt
18.58333333,1,0,12,0,2481,p1,wt
18.66666667,1,1,15,0,2496,p1,wt
18.75,1,1,12,0,2508,p1,wt
18.83333333,2,0,10,0,2516,p1,wt
18.91666667,0,0,12,0,2528,p1,wt
19,1,0,19,0,2546,p1,wt
19.08333333,2,0,28,0,2572,p1,wt
19.16666667,0,1,10,0,2583,p1,wt
19.25,2,0,29,0,2610,p1,wt
19.33333333,1,0,31,0,2640,p1,wt
19.41666667,2,0,31,0,2669,p1,wt
19.5,2,1,21,0,2689,p1,wt
19.58333333,1,0,27,1,2715,p1,wt
19.66666667,2,0,21,0,2734,p1,wt
19.75,1,0,36,0,2769,p1,wt
19.83333333,3,1,37,0,2804,p1,wt
19.91666667,3,0,32,0,2833,p1,wt
20,5,2,41,0,2871,p1,wt
20.08333333,3,0,40,0,2908,p1,wt
20.16666667,0,0,29,1,2937,p1,wt
20.25,1,0,41,0,2977,p1,wt
20.33333333,2,0,34,0,3009,p1,wt
20.41666667,1,0,43,0,3051,p1,wt
20.5,5,0,32,0,3078,p1,wt
20.58333333,5,0,37,1,3110,p1,wt
20.66666667,3,0,33,0,3140,p1,wt
20.75,3,1,34,0,3172,p1,wt
20.83333333,7,0,31,0,3196,p1,wt
20.91666667,2,0,22,0,3216,p1,wt
21,6,0,24,0,3234,p1,wt
21.08333333,5,0,30,0,3259,p1,wt
21.16666667,7,0,19,0,3271,p1,wt
21.25,5,0,28,0,3294,p1,wt
21.33333333,11,0,43,0,3326,p1,wt
21.41666667,5,0,23,0,3344,p1,wt
21.5,6,0,23,0,3361,p1,wt
21.58333333,5,0,23,0,3379,p1,wt
21.66666667,2,0,31,0,3408,p1,wt
21.75,11,0,18,0,3415,p1,wt
21.83333333,7,0,25,0,3433,p1,wt
21.91666667,5,0,15,0,3443,p1,wt
22,9,0,17,0,3451,p1,wt
22.08333333,7,0,21,0,3465,p1,wt
22.16666667,13,1,20,0,3473,p1,wt
22.25,5,0,17,0,3485,p1,wt
22.33333333,9,0,19,0,3495,p1,wt
22.41666667,6,0,9,0,3498,p1,wt
22.5,7,0,13,0,3504,p1,wt
22.58333333,12,0,16,0,3508,p1,wt
22.66666667,3,0,7,0,3512,p1,wt
22.75,11,0,14,0,3515,p1,wt
22.83333333,8,0,15,0,3522,p1,wt
22.91666667,10,0,15,0,3527,p1,wt
23,10,0,11,0,3528,p1,wt
23.08333333,7,0,11,0,3532,p1,wt
23.16666667,7,0,8,0,3533,p1,wt
23.25,7,0,11,0,3537,p1,wt
23.33333333,5,0,13,0,3545,p1,wt
23.41666667,5,0,8,0,3548,p1,wt
23.5,9,0,11,0,3550,p1,wt
23.58333333,7,0,8,0,3551,p1,wt
23.66666667,7,0,7,0,3551,p1,wt
23.75,6,0,8,0,3553,p1,wt
23.83333333,4,0,3,0,3552,p1,wt
23.91666667,4,0,4,0,3552,p1,wt
24,8,1,5,0,3550,p1,wt
24.08333333,8,0,6,0,3548,p1,wt
24.16666667,6,0,5,0,3547,p1,wt
24.25,8,0,3,0,3542,p1,wt
24.33333333,6,0,4,0,3540,p1,wt
24.41666667,7,0,4,0,3537,p1,wt
24.5,6,0,6,0,3537,p1,wt
24.58333333,13,0,5,0,3529,p1,wt
24.66666667,7,0,4,0,3526,p1,wt
24.75,4,0,3,0,3525,p1,wt
24.83333333,9,0,3,0,3519,p1,wt
24.91666667,5,0,3,0,3517,p1,wt
25,6,0,0,0,3511,p1,wt
25.08333333,8,0,6,0,3509,p1,wt
25.16666667,2,0,0,0,3507,p1,wt
25.25,6,0,3,0,3504,p1,wt
25.33333333,2,0,5,0,3507,p1,wt
25.41666667,3,0,3,0,3507,p1,wt
25.5,2,0,3,0,3508,p1,wt
25.58333333,13,0,6,0,3501,p1,wt
25.66666667,8,0,2,0,3495,p1,wt
25.75,3,0,3,0,3495,p1,wt
25.83333333,6,0,4,0,3493,p1,wt
12,0,0,1,0,1175,p2,wt
12.08333333,0,0,5,0,1180,p2,wt
12.16666667,2,0,0,0,1178,p2,wt
12.25,0,0,0,0,1178,p2,wt
12.33333333,0,0,0,0,1178,p2,wt
12.41666667,0,0,1,0,1179,p2,wt
12.5,0,0,1,0,1180,p2,wt
12.58333333,0,0,0,0,1180,p2,wt
12.66666667,0,0,4,0,1184,p2,wt
12.75,0,0,2,0,1186,p2,wt
12.83333333,0,0,1,0,1187,p2,wt
12.91666667,1,0,2,0,1188,p2,wt
13,0,0,3,0,1191,p2,wt
13.08333333,0,0,5,0,1196,p2,wt
13.16666667,0,0,0,0,1196,p2,wt
13.25,0,0,2,0,1198,p2,wt
13.33333333,0,0,8,0,1206,p2,wt
13.41666667,0,0,10,0,1216,p2,wt
13.5,0,0,7,0,1223,p2,wt
13.58333333,0,0,4,0,1227,p2,wt
13.66666667,0,0,8,0,1235,p2,wt
13.75,0,0,9,0,1244,p2,wt
13.83333333,0,0,14,0,1258,p2,wt
13.91666667,0,0,15,0,1273,p2,wt
14,0,0,10,0,1283,p2,wt
14.08333333,0,0,26,0,1309,p2,wt
14.16666667,0,0,30,0,1339,p2,wt
14.25,0,0,30,0,1369,p2,wt
14.33333333,0,0,40,1,1409,p2,wt
14.41666667,0,0,46,0,1455,p2,wt
14.5,0,0,45,0,1500,p2,wt
14.58333333,0,0,45,0,1545,p2,wt
14.66666667,0,0,45,0,1590,p2,wt
14.75,0,0,43,0,1633,p2,wt
14.83333333,0,0,53,0,1686,p2,wt
14.91666667,0,0,45,0,1731,p2,wt
15,0,0,38,0,1769,p2,wt
15.08333333,0,0,34,0,1803,p2,wt
15.16666667,0,0,40,1,1843,p2,wt
15.25,0,0,27,0,1870,p2,wt
15.33333333,0,0,30,0,1900,p2,wt
15.41666667,0,0,25,0,1925,p2,wt
15.5,0,0,32,0,1957,p2,wt
15.58333333,2,0,26,0,1981,p2,wt
15.66666667,0,0,26,0,2007,p2,wt
15.75,0,0,20,0,2027,p2,wt
15.83333333,0,0,24,0,2051,p2,wt
15.91666667,0,0,20,0,2071,p2,wt
16,0,0,8,0,2079,p2,wt
16.08333333,0,0,11,0,2090,p2,wt
16.16666667,0,0,14,0,2104,p2,wt
16.25,0,0,12,0,2116,p2,wt
16.33333333,0,0,10,0,2126,p2,wt
16.41666667,0,0,12,0,2138,p2,wt
16.5,0,0,22,0,2160,p2,wt
16.58333333,1,0,11,0,2170,p2,wt
16.66666667,0,0,11,0,2181,p2,wt
16.75,0,0,12,0,2193,p2,wt
16.83333333,1,0,15,0,2207,p2,wt
16.91666667,1,0,17,0,2223,p2,wt
17,1,0,10,0,2232,p2,wt
17.08333333,0,0,12,0,2244,p2,wt
17.16666667,0,0,12,0,2256,p2,wt
17.25,0,0,6,0,2262,p2,wt
17.33333333,0,0,12,0,2274,p2,wt
17.41666667,1,0,10,0,2283,p2,wt
17.5,1,0,7,0,2289,p2,wt
17.58333333,1,0,19,0,2307,p2,wt
17.66666667,1,0,14,0,2320,p2,wt
17.75,2,1,8,0,2327,p2,wt
17.83333333,1,0,13,0,2339,p2,wt
17.91666667,1,0,12,0,2350,p2,wt
18,0,0,13,0,2363,p2,wt
18.08333333,2,0,16,0,2377,p2,wt
18.16666667,1,0,3,0,2379,p2,wt
18.25,1,0,11,1,2389,p2,wt
18.33333333,0,0,15,0,2404,p2,wt
18.41666667,2,0,11,0,2413,p2,wt
18.5,2,0,17,0,2428,p2,wt
18.58333333,1,0,15,0,2442,p2,wt
18.66666667,0,0,14,0,2456,p2,wt
18.75,0,0,21,1,2477,p2,wt
18.83333333,0,0,14,0,2491,p2,wt
18.91666667,2,0,17,1,2506,p2,wt
19,2,0,21,0,2525,p2,wt
19.08333333,2,0,18,0,2541,p2,wt
19.16666667,4,0,19,0,2556,p2,wt
19.25,1,0,30,0,2585,p2,wt
19.33333333,1,0,19,0,2603,p2,wt
19.41666667,1,0,18,0,2620,p2,wt
19.5,0,0,22,1,2642,p2,wt
19.58333333,1,1,21,0,2663,p2,wt
19.66666667,3,1,28,0,2689,p2,wt
19.75,1,3,31,0,2722,p2,wt
19.83333333,2,0,30,0,2750,p2,wt
19.91666667,4,0,21,0,2767,p2,wt
20,0,1,30,0,2798,p2,wt
20.08333333,3,0,32,0,2827,p2,wt
20.16666667,1,0,26,0,2852,p2,wt
20.25,3,0,27,0,2876,p2,wt
20.33333333,2,0,29,0,2903,p2,wt
20.41666667,2,0,18,0,2919,p2,wt
20.5,2,1,32,0,2950,p2,wt
20.58333333,2,2,29,0,2979,p2,wt
20.66666667,6,0,28,0,3001,p2,wt
20.75,2,0,27,0,3026,p2,wt
20.83333333,4,0,31,0,3053,p2,wt
20.91666667,3,1,21,0,3072,p2,wt
21,4,1,23,0,3092,p2,wt
21.08333333,1,0,26,0,3117,p2,wt
21.16666667,3,0,31,0,3145,p2,wt
21.25,1,1,31,0,3176,p2,wt
21.33333333,6,0,20,0,3190,p2,wt
21.41666667,9,0,27,0,3208,p2,wt
21.5,3,0,32,0,3237,p2,wt
21.58333333,3,0,26,0,3260,p2,wt
21.66666667,5,0,26,0,3281,p2,wt
21.75,4,1,20,0,3298,p2,wt
21.83333333,4,0,29,0,3323,p2,wt
21.91666667,10,0,32,0,3345,p2,wt
22,7,1,15,0,3354,p2,wt
22.08333333,7,0,18,1,3365,p2,wt
22.16666667,3,0,21,0,3383,p2,wt
22.25,5,0,30,0,3408,p2,wt
22.33333333,1,0,21,0,3428,p2,wt
22.41666667,1,0,15,0,3442,p2,wt
22.5,5,0,16,0,3453,p2,wt
22.58333333,6,1,15,0,3463,p2,wt
22.66666667,8,0,12,0,3467,p2,wt
22.75,4,0,14,0,3477,p2,wt
22.83333333,10,0,11,0,3478,p2,wt
22.91666667,8,0,10,0,3480,p2,wt
23,17,0,7,0,3470,p2,wt
23.08333333,6,0,5,0,3469,p2,wt
23.16666667,15,0,10,0,3464,p2,wt
23.25,7,0,11,1,3468,p2,wt
23.33333333,6,0,12,0,3474,p2,wt
23.41666667,12,0,8,0,3470,p2,wt
23.5,8,1,14,0,3477,p2,wt
23.58333333,3,0,4,0,3478,p2,wt
23.66666667,10,0,7,0,3475,p2,wt
23.75,5,0,7,0,3477,p2,wt
23.83333333,5,0,12,0,3484,p2,wt
23.91666667,9,0,8,0,3483,p2,wt
24,3,0,7,0,3487,p2,wt
24.08333333,5,0,9,0,3491,p2,wt
24.16666667,4,0,3,0,3490,p2,wt
24.25,7,0,7,0,3490,p2,wt
24.33333333,8,0,7,0,3489,p2,wt
24.41666667,9,0,7,0,3487,p2,wt
24.5,3,0,4,0,3488,p2,wt
24.58333333,7,0,4,0,3485,p2,wt
24.66666667,5,0,6,0,3486,p2,wt
24.75,6,0,4,0,3484,p2,wt
24.83333333,4,0,5,0,3485,p2,wt
24.91666667,7,0,4,1,3482,p2,wt
25,7,0,1,0,3476,p2,wt
25.08333333,7,0,1,0,3470,p2,wt
25.16666667,7,0,4,0,3467,p2,wt
25.25,2,0,0,0,3465,p2,wt
25.33333333,5,0,3,0,3463,p2,wt
25.41666667,5,0,4,0,3462,p2,wt
25.5,8,0,2,0,3456,p2,wt
25.58333333,4,0,2,0,3454,p2,wt
25.66666667,8,0,1,0,3447,p2,wt
25.75,5,0,4,0,3446,p2,wt
25.83333333,4,0,0,0,3442,p2,wt
12,0,0,6,0,1182,p3,wt
12.08333333,0,0,4,0,1186,p3,wt
12.16666667,0,0,0,0,1186,p3,wt
12.25,0,0,5,0,1191,p3,wt
12.33333333,1,0,3,0,1193,p3,wt
12.41666667,0,0,4,0,1197,p3,wt
12.5,0,0,4,0,1201,p3,wt
12.58333333,0,0,4,0,1205,p3,wt
12.66666667,0,0,1,0,1206,p3,wt
12.75,0,0,3,0,1209,p3,wt
12.83333333,0,0,2,0,1211,p3,wt
12.91666667,0,0,3,0,1214,p3,wt
13,0,0,3,0,1217,p3,wt
13.08333333,0,0,2,0,1219,p3,wt
13.16666667,0,0,1,0,1220,p3,wt
13.25,0,0,5,0,1225,p3,wt
13.33333333,0,0,3,0,1228,p3,wt
13.41666667,0,0,3,0,1231,p3,wt
13.5,0,0,5,0,1236,p3,wt
13.58333333,0,0,8,0,1244,p3,wt
13.66666667,0,0,12,0,1256,p3,wt
13.75,0,0,6,0,1262,p3,wt
13.83333333,1,0,5,0,1266,p3,wt
13.91666667,0,0,8,0,1274,p3,wt
14,0,0,19,0,1293,p3,wt
14.08333333,0,0,22,0,1315,p3,wt
14.16666667,0,0,22,0,1337,p3,wt
14.25,0,0,27,0,1364,p3,wt
14.33333333,0,0,24,0,1388,p3,wt
14.41666667,0,0,50,0,1438,p3,wt
14.5,0,0,34,0,1472,p3,wt
14.58333333,0,0,47,0,1519,p3,wt
14.66666667,0,1,35,0,1555,p3,wt
14.75,0,0,34,1,1589,p3,wt
14.83333333,0,0,45,0,1634,p3,wt
14.91666667,1,0,53,0,1686,p3,wt
15,0,0,27,0,1713,p3,wt
15.08333333,0,0,28,0,1741,p3,wt
15.16666667,0,0,27,0,1768,p3,wt
15.25,0,0,27,0,1795,p3,wt
15.33333333,0,0,24,0,1819,p3,wt
15.41666667,0,0,19,0,1838,p3,wt
15.5,0,0,28,0,1866,p3,wt
15.58333333,0,0,15,0,1881,p3,wt
15.66666667,0,0,15,0,1896,p3,wt
15.75,0,0,15,0,1911,p3,wt
15.83333333,0,0,6,0,1917,p3,wt
15.91666667,0,0,15,0,1932,p3,wt
16,0,0,15,0,1947,p3,wt
16.08333333,0,0,16,0,1963,p3,wt
16.16666667,0,0,12,0,1975,p3,wt
16.25,0,0,11,0,1986,p3,wt
16.33333333,0,0,7,0,1993,p3,wt
16.41666667,0,0,8,0,2001,p3,wt
16.5,0,0,12,0,2013,p3,wt
16.58333333,0,0,11,0,2024,p3,wt
16.66666667,0,1,7,0,2032,p3,wt
16.75,0,0,12,0,2044,p3,wt
16.83333333,1,0,12,0,2055,p3,wt
16.91666667,1,0,8,0,2062,p3,wt
17,1,0,11,0,2072,p3,wt
17.08333333,1,0,9,0,2080,p3,wt
17.16666667,0,0,8,0,2088,p3,wt
17.25,0,0,12,0,2100,p3,wt
17.33333333,0,0,15,0,2115,p3,wt
17.41666667,0,0,8,0,2123,p3,wt
17.5,1,0,7,0,2129,p3,wt
17.58333333,2,1,5,0,2133,p3,wt
17.66666667,0,0,9,0,2142,p3,wt
17.75,1,0,12,0,2153,p3,wt
17.83333333,0,0,7,0,2160,p3,wt
17.91666667,4,1,11,0,2168,p3,wt
18,3,1,14,0,2180,p3,wt
18.08333333,1,0,12,0,2191,p3,wt
18.16666667,2,0,21,0,2210,p3,wt
18.25,0,0,19,0,2229,p3,wt
18.33333333,1,0,12,0,2240,p3,wt
18.41666667,1,0,12,0,2251,p3,wt
18.5,2,0,8,0,2257,p3,wt
18.58333333,2,0,15,0,2270,p3,wt
18.66666667,1,0,13,0,2282,p3,wt
18.75,2,1,16,0,2297,p3,wt
18.83333333,2,0,9,0,2304,p3,wt
18.91666667,0,0,19,0,2323,p3,wt
19,0,0,15,0,2338,p3,wt
19.08333333,1,0,7,0,2344,p3,wt
19.16666667,1,0,19,0,2362,p3,wt
19.25,3,0,12,0,2371,p3,wt
19.33333333,2,0,14,0,2383,p3,wt
19.41666667,3,0,11,0,2391,p3,wt
19.5,2,0,14,0,2403,p3,wt
19.58333333,1,0,14,0,2416,p3,wt
19.66666667,1,0,17,0,2432,p3,wt
19.75,2,1,22,0,2453,p3,wt
19.83333333,2,0,17,0,2468,p3,wt
19.91666667,3,0,21,0,2486,p3,wt
20,2,1,22,0,2507,p3,wt
20.08333333,1,1,21,0,2528,p3,wt
20.16666667,7,0,24,0,2545,p3,wt
20.25,2,0,26,0,2569,p3,wt
20.33333333,4,0,23,0,2588,p3,wt
20.41666667,2,0,23,0,2609,p3,wt
20.5,2,0,28,0,2635,p3,wt
20.58333333,10,1,19,0,2645,p3,wt
20.66666667,3,0,23,0,2665,p3,wt
20.75,6,0,24,0,2683,p3,wt
20.83333333,7,2,28,0,2706,p3,wt
20.91666667,8,0,14,0,2712,p3,wt
21,8,0,21,0,2725,p3,wt
21.08333333,5,1,19,0,2740,p3,wt
21.16666667,3,0,31,0,2768,p3,wt
21.25,4,0,18,0,2782,p3,wt
21.33333333,2,0,13,0,2793,p3,wt
21.41666667,5,0,31,0,2819,p3,wt
21.5,4,1,30,0,2846,p3,wt
21.58333333,5,0,22,0,2863,p3,wt
21.66666667,6,0,18,1,2875,p3,wt
21.75,3,0,21,0,2893,p3,wt
21.83333333,10,0,17,0,2900,p3,wt
21.91666667,11,0,15,0,2904,p3,wt
22,11,0,15,0,2908,p3,wt
22.08333333,8,0,21,0,2921,p3,wt
22.16666667,9,0,17,0,2929,p3,wt
22.25,11,0,13,0,2931,p3,wt
22.33333333,13,0,15,0,2933,p3,wt
22.41666667,7,0,11,0,2937,p3,wt
22.5,3,0,14,0,2948,p3,wt
22.58333333,14,0,14,0,2948,p3,wt
22.66666667,12,0,9,0,2945,p3,wt
22.75,12,0,8,0,2941,p3,wt
22.83333333,10,0,7,0,2938,p3,wt
22.91666667,8,0,11,0,2941,p3,wt
23,7,0,9,0,2943,p3,wt
23.08333333,5,0,2,0,2940,p3,wt
23.16666667,3,0,11,0,2948,p3,wt
23.25,6,0,7,0,2949,p3,wt
23.33333333,6,0,7,0,2950,p3,wt
23.41666667,12,0,11,0,2949,p3,wt
23.5,8,0,5,0,2946,p3,wt
23.58333333,5,0,6,0,2947,p3,wt
23.66666667,4,0,7,0,2950,p3,wt
23.75,5,0,7,0,2952,p3,wt
23.83333333,2,0,5,0,2955,p3,wt
23.91666667,8,0,4,0,2951,p3,wt
24,10,0,7,0,2948,p3,wt
24.08333333,5,0,8,0,2951,p3,wt
24.16666667,10,0,3,0,2944,p3,wt
24.25,14,0,6,0,2936,p3,wt
24.33333333,7,0,5,0,2934,p3,wt
24.41666667,8,0,3,0,2929,p3,wt
24.5,4,0,3,0,2928,p3,wt
24.58333333,4,0,2,0,2926,p3,wt
24.66666667,7,0,8,0,2927,p3,wt
24.75,7,0,3,0,2923,p3,wt
24.83333333,3,0,3,0,2923,p3,wt
24.91666667,5,0,3,0,2921,p3,wt
25,4,0,1,0,2918,p3,wt
25.08333333,8,0,4,0,2914,p3,wt
25.16666667,6,0,1,0,2909,p3,wt
25.25,3,0,1,0,2907,p3,wt
25.33333333,7,0,3,0,2903,p3,wt
25.41666667,3,0,1,0,2901,p3,wt
25.5,3,0,3,0,2901,p3,wt
25.58333333,4,0,3,0,2900,p3,wt
25.66666667,7,0,1,0,2894,p3,wt
25.75,5,0,0,0,2889,p3,wt
25.83333333,2,0,1,0,2888,p3,wt
12,0,0,0,1,1262,p4,mud
12.08333333,0,0,0,0,1262,p4,mud
12.16666667,0,0,3,0,1265,p4,mud
12.25,0,0,1,0,1266,p4,mud
12.33333333,1,0,1,0,1266,p4,mud
12.41666667,0,0,0,0,1266,p4,mud
12.5,1,0,1,0,1266,p4,mud
12.58333333,0,0,1,0,1267,p4,mud
12.66666667,1,0,1,0,1267,p4,mud
12.75,0,0,2,0,1269,p4,mud
12.83333333,0,0,0,1,1269,p4,mud
12.91666667,0,1,0,1,1270,p4,mud
13,0,0,5,0,1275,p4,mud
13.08333333,0,0,6,1,1281,p4,mud
13.16666667,0,0,2,0,1283,p4,mud
13.25,0,0,6,1,1289,p4,mud
13.33333333,0,0,5,1,1294,p4,mud
13.41666667,1,0,7,1,1300,p4,mud
13.5,0,0,5,1,1305,p4,mud
13.58333333,0,1,5,2,1311,p4,mud
13.66666667,1,0,5,2,1315,p4,mud
13.75,0,0,4,0,1319,p4,mud
13.83333333,0,1,8,1,1328,p4,mud
13.91666667,0,1,10,2,1339,p4,mud
14,0,2,7,5,1348,p4,mud
14.08333333,0,5,11,3,1364,p4,mud
14.16666667,0,1,10,6,1375,p4,mud
14.25,0,4,18,2,1397,p4,mud
14.33333333,0,4,29,6,1430,p4,mud
14.41666667,0,5,26,13,1461,p4,mud
14.5,1,13,34,11,1507,p4,mud
14.58333333,1,7,42,16,1555,p4,mud
14.66666667,0,7,47,17,1609,p4,mud
14.75,0,15,47,15,1671,p4,mud
14.83333333,0,4,42,22,1717,p4,mud
14.91666667,0,6,29,11,1752,p4,mud
15,0,12,23,10,1787,p4,mud
15.08333333,0,1,26,11,1814,p4,mud
15.16666667,1,4,24,13,1841,p4,mud
15.25,0,4,33,8,1878,p4,mud
15.33333333,0,7,14,5,1899,p4,mud
15.41666667,0,3,20,4,1922,p4,mud
15.5,0,2,10,4,1934,p4,mud
15.58333333,0,4,8,5,1946,p4,mud
15.66666667,0,6,12,4,1964,p4,mud
15.75,1,3,17,6,1983,p4,mud
15.83333333,0,1,8,3,1992,p4,mud
15.91666667,0,2,13,5,2007,p4,mud
16,1,0,12,1,2018,p4,mud
16.08333333,0,1,5,3,2024,p4,mud
16.16666667,0,1,10,2,2035,p4,mud
16.25,0,3,11,4,2049,p4,mud
16.33333333,1,0,12,3,2060,p4,mud
16.41666667,0,1,10,3,2071,p4,mud
16.5,2,2,6,2,2077,p4,mud
16.58333333,1,0,6,2,2082,p4,mud
16.66666667,0,1,7,2,2090,p4,mud
16.75,1,0,3,3,2092,p4,mud
16.83333333,1,1,5,3,2097,p4,mud
16.91666667,0,0,7,1,2104,p4,mud
17,1,1,3,0,2107,p4,mud
17.08333333,2,0,5,0,2110,p4,mud
17.16666667,0,1,9,1,2120,p4,mud
17.25,1,1,7,4,2127,p4,mud
17.33333333,0,0,2,2,2129,p4,mud
17.41666667,0,2,12,2,2143,p4,mud
17.5,1,1,4,3,2147,p4,mud
17.58333333,2,1,7,0,2153,p4,mud
17.66666667,0,0,0,2,2153,p4,mud
17.75,1,0,5,2,2157,p4,mud
17.83333333,0,0,3,4,2160,p4,mud
17.91666667,1,1,4,1,2164,p4,mud
18,0,2,6,4,2172,p4,mud
18.08333333,0,3,6,3,2181,p4,mud
18.16666667,1,4,5,4,2189,p4,mud
18.25,1,2,4,2,2194,p4,mud
18.33333333,3,0,8,5,2199,p4,mud
18.41666667,1,1,9,2,2208,p4,mud
18.5,1,3,6,1,2216,p4,mud
18.58333333,0,2,7,1,2225,p4,mud
18.66666667,0,0,11,1,2236,p4,mud
18.75,1,3,10,3,2248,p4,mud
18.83333333,1,2,9,5,2258,p4,mud
18.91666667,0,4,10,4,2272,p4,mud
19,1,3,14,5,2288,p4,mud
19.08333333,0,4,8,5,2300,p4,mud
19.16666667,1,2,12,9,2313,p4,mud
19.25,1,4,24,4,2340,p4,mud
19.33333333,0,3,19,8,2362,p4,mud
19.41666667,0,2,21,5,2385,p4,mud
19.5,1,11,16,11,2411,p4,mud
19.58333333,2,2,12,8,2423,p4,mud
19.66666667,1,10,14,10,2446,p4,mud
19.75,2,7,17,10,2468,p4,mud
19.83333333,0,3,22,9,2493,p4,mud
19.91666667,1,6,11,9,2509,p4,mud
20,0,3,24,11,2536,p4,mud
20.08333333,1,5,16,3,2556,p4,mud
20.16666667,1,3,21,13,2579,p4,mud
20.25,2,8,17,7,2602,p4,mud
20.33333333,3,5,14,7,2618,p4,mud
20.41666667,2,5,11,13,2632,p4,mud
20.5,0,3,16,7,2651,p4,mud
20.58333333,0,5,13,7,2669,p4,mud
20.66666667,2,3,9,9,2679,p4,mud
20.75,2,4,13,7,2694,p4,mud
20.83333333,2,2,16,6,2710,p4,mud
20.91666667,1,5,13,9,2727,p4,mud
21,4,2,13,3,2738,p4,mud
21.08333333,3,4,13,10,2752,p4,mud
21.16666667,5,3,9,3,2759,p4,mud
21.25,3,5,17,8,2778,p4,mud
21.33333333,5,2,12,9,2787,p4,mud
21.41666667,2,6,15,5,2806,p4,mud
21.5,3,5,9,7,2817,p4,mud
21.58333333,3,2,10,3,2826,p4,mud
21.66666667,3,3,11,9,2837,p4,mud
21.75,4,2,17,9,2852,p4,mud
21.83333333,4,2,10,8,2860,p4,mud
21.91666667,1,0,9,8,2868,p4,mud
22,0,4,10,3,2882,p4,mud
22.08333333,2,1,14,6,2895,p4,mud
22.16666667,4,2,7,10,2900,p4,mud
22.25,3,3,9,4,2909,p4,mud
22.33333333,1,1,8,8,2917,p4,mud
22.41666667,2,6,9,7,2930,p4,mud
22.5,2,4,7,6,2939,p4,mud
22.58333333,3,2,10,4,2948,p4,mud
22.66666667,2,3,11,0,2960,p4,mud
22.75,1,2,8,2,2969,p4,mud
22.83333333,4,1,9,2,2975,p4,mud
22.91666667,4,2,7,2,2980,p4,mud
23,1,0,4,5,2983,p4,mud
23.08333333,2,3,3,2,2987,p4,mud
23.16666667,4,0,8,5,2991,p4,mud
23.25,5,0,10,5,2996,p4,mud
23.33333333,2,2,6,5,3002,p4,mud
23.41666667,3,0,6,2,3005,p4,mud
23.5,2,2,6,1,3011,p4,mud
23.58333333,5,0,6,6,3012,p4,mud
23.66666667,2,2,2,2,3014,p4,mud
23.75,0,2,9,3,3025,p4,mud
23.83333333,3,1,4,1,3027,p4,mud
23.91666667,4,1,4,3,3028,p4,mud
24,2,1,4,5,3031,p4,mud
24.08333333,3,1,4,2,3033,p4,mud
24.16666667,2,2,4,2,3037,p4,mud
24.25,0,1,4,4,3042,p4,mud
24.33333333,1,0,3,2,3044,p4,mud
24.41666667,0,0,2,1,3046,p4,mud
24.5,1,0,5,2,3050,p4,mud
24.58333333,0,2,2,0,3054,p4,mud
24.66666667,3,0,1,3,3052,p4,mud
24.75,2,0,7,0,3057,p4,mud
24.83333333,2,0,4,4,3059,p4,mud
24.91666667,1,1,3,2,3062,p4,mud
25,5,0,2,1,3059,p4,mud
25.08333333,3,1,3,1,3060,p4,mud
25.16666667,4,0,2,0,3058,p4,mud
25.25,1,0,2,3,3059,p4,mud
25.33333333,3,0,1,0,3057,p4,mud
25.41666667,1,1,4,3,3061,p4,mud
25.5,5,1,1,2,3058,p4,mud
25.58333333,3,2,0,0,3057,p4,mud
25.66666667,0,0,1,0,3058,p4,mud
25.75,2,0,3,0,3059,p4,mud
25.83333333,0,1,1,1,3061,p4,mud
12,0,0,5,1,1052,p5,mud
12.08333333,0,1,6,0,1059,p5,mud
12.16666667,0,0,7,0,1066,p5,mud
12.25,0,0,5,2,1071,p5,mud
12.33333333,0,0,9,0,1080,p5,mud
12.41666667,0,1,7,0,1088,p5,mud
12.5,0,1,1,0,1090,p5,mud
12.58333333,0,2,4,2,1096,p5,mud
12.66666667,0,2,5,1,1103,p5,mud
12.75,0,1,0,0,1104,p5,mud
12.83333333,0,1,3,0,1108,p5,mud
12.91666667,0,1,3,1,1112,p5,mud
13,0,0,1,0,1113,p5,mud
13.08333333,0,1,6,0,1120,p5,mud
13.16666667,0,0,3,2,1123,p5,mud
13.25,0,1,3,0,1127,p5,mud
13.33333333,0,3,6,3,1136,p5,mud
13.41666667,0,0,12,1,1148,p5,mud
13.5,0,1,6,5,1155,p5,mud
13.58333333,0,1,7,0,1163,p5,mud
13.66666667,0,0,9,1,1172,p5,mud
13.75,1,4,5,1,1180,p5,mud
13.83333333,0,2,10,2,1192,p5,mud
13.91666667,0,3,13,2,1208,p5,mud
14,0,1,16,7,1225,p5,mud
14.08333333,0,1,12,2,1238,p5,mud
14.16666667,0,2,19,5,1259,p5,mud
14.25,2,3,14,4,1274,p5,mud
14.33333333,0,3,15,2,1292,p5,mud
14.41666667,0,2,16,1,1310,p5,mud
14.5,0,4,18,8,1332,p5,mud
14.58333333,0,3,20,11,1355,p5,mud
14.66666667,0,3,25,4,1383,p5,mud
14.75,0,2,18,4,1403,p5,mud
14.83333333,0,4,19,13,1426,p5,mud
14.91666667,0,5,18,1,1449,p5,mud
15,0,8,24,5,1481,p5,mud
15.08333333,0,5,11,6,1497,p5,mud
15.16666667,0,3,26,10,1526,p5,mud
15.25,0,3,28,6,1557,p5,mud
15.33333333,0,4,26,2,1587,p5,mud
15.41666667,0,3,15,5,1605,p5,mud
15.5,0,3,21,3,1629,p5,mud
15.58333333,0,4,15,1,1648,p5,mud
15.66666667,0,1,14,2,1663,p5,mud
15.75,0,2,21,4,1686,p5,mud
15.83333333,0,1,12,2,1699,p5,mud
15.91666667,0,2,16,8,1717,p5,mud
16,0,2,9,4,1728,p5,mud
16.08333333,0,0,10,1,1738,p5,mud
16.16666667,0,1,6,2,1745,p5,mud
16.25,0,1,7,4,1753,p5,mud
16.33333333,0,2,13,5,1768,p5,mud
16.41666667,1,1,4,1,1772,p5,mud
16.5,0,2,9,2,1783,p5,mud
16.58333333,0,1,8,5,1792,p5,mud
16.66666667,0,3,2,2,1797,p5,mud
16.75,0,1,10,2,1808,p5,mud
16.83333333,0,1,2,2,1811,p5,mud
16.91666667,0,0,5,4,1816,p5,mud
17,0,0,4,0,1820,p5,mud
17.08333333,0,0,4,1,1824,p5,mud
17.16666667,0,0,7,2,1831,p5,mud
17.25,2,1,7,4,1837,p5,mud
17.33333333,0,0,6,0,1843,p5,mud
17.41666667,1,1,4,5,1847,p5,mud
17.5,0,1,3,2,1851,p5,mud
17.58333333,0,1,6,7,1858,p5,mud
17.66666667,0,2,5,3,1865,p5,mud
17.75,0,3,5,1,1873,p5,mud
17.83333333,0,3,5,3,1881,p5,mud
17.91666667,0,2,5,3,1888,p5,mud
18,0,5,2,3,1895,p5,mud
18.08333333,1,0,6,5,1900,p5,mud
18.16666667,0,0,9,7,1909,p5,mud
18.25,0,0,2,2,1911,p5,mud
18.33333333,0,2,2,5,1915,p5,mud
18.41666667,0,1,5,1,1921,p5,mud
18.5,0,1,4,1,1926,p5,mud
18.58333333,0,0,8,4,1934,p5,mud
18.66666667,0,4,12,2,1950,p5,mud
18.75,1,0,9,5,1958,p5,mud
18.83333333,2,1,10,7,1967,p5,mud
18.91666667,2,2,5,3,1972,p5,mud
19,0,2,2,2,1976,p5,mud
19.08333333,2,3,10,8,1987,p5,mud
19.16666667,0,4,10,6,2001,p5,mud
19.25,0,1,4,6,2006,p5,mud
19.33333333,0,1,11,4,2018,p5,mud
19.41666667,1,2,7,6,2026,p5,mud
19.5,2,3,8,10,2035,p5,mud
19.58333333,3,2,15,5,2049,p5,mud
19.66666667,0,2,6,3,2057,p5,mud
19.75,1,3,10,3,2069,p5,mud
19.83333333,0,5,15,5,2089,p5,mud
19.91666667,1,2,5,8,2095,p5,mud
20,0,4,7,9,2106,p5,mud
20.08333333,0,3,10,9,2119,p5,mud
20.16666667,0,3,6,5,2128,p5,mud
20.25,0,2,10,4,2140,p5,mud
20.33333333,0,1,11,7,2152,p5,mud
20.41666667,0,5,13,6,2170,p5,mud
20.5,1,5,10,4,2184,p5,mud
20.58333333,0,3,7,5,2194,p5,mud
20.66666667,0,5,8,8,2207,p5,mud
20.75,1,3,15,8,2224,p5,mud
20.83333333,1,2,13,7,2238,p5,mud
20.91666667,0,2,11,14,2251,p5,mud
21,1,4,9,9,2263,p5,mud
21.08333333,0,5,15,2,2283,p5,mud
21.16666667,0,4,14,7,2301,p5,mud
21.25,2,3,16,8,2318,p5,mud
21.33333333,0,4,10,6,2332,p5,mud
21.41666667,2,3,13,3,2346,p5,mud
21.5,0,2,14,7,2362,p5,mud
21.58333333,0,1,10,8,2373,p5,mud
21.66666667,0,5,9,11,2387,p5,mud
21.75,0,4,14,7,2405,p5,mud
21.83333333,0,1,16,8,2422,p5,mud
21.91666667,0,2,13,9,2437,p5,mud
22,0,3,9,8,2449,p5,mud
22.08333333,1,5,16,8,2469,p5,mud
22.16666667,0,3,10,7,2482,p5,mud
22.25,0,1,4,8,2487,p5,mud
22.33333333,0,6,13,7,2506,p5,mud
22.41666667,0,6,10,6,2522,p5,mud
22.5,0,2,11,11,2535,p5,mud
22.58333333,1,3,10,10,2547,p5,mud
22.66666667,0,2,11,13,2560,p5,mud
22.75,2,1,9,5,2568,p5,mud
22.83333333,0,3,8,9,2579,p5,mud
22.91666667,0,0,4,9,2583,p5,mud
23,0,1,6,6,2590,p5,mud
23.08333333,1,2,7,7,2598,p5,mud
23.16666667,0,3,7,5,2608,p5,mud
23.25,0,3,11,9,2622,p5,mud
23.33333333,2,1,8,4,2629,p5,mud
23.41666667,3,0,10,6,2636,p5,mud
23.5,1,2,9,4,2646,p5,mud
23.58333333,3,3,10,7,2656,p5,mud
23.66666667,1,2,8,7,2665,p5,mud
23.75,0,2,12,7,2679,p5,mud
23.83333333,1,2,8,6,2688,p5,mud
23.91666667,1,3,6,7,2696,p5,mud
24,3,0,15,5,2708,p5,mud
24.08333333,0,2,7,7,2717,p5,mud
24.16666667,0,3,12,8,2732,p5,mud
24.25,1,0,7,1,2738,p5,mud
24.33333333,1,0,13,3,2750,p5,mud
24.41666667,1,0,9,2,2758,p5,mud
24.5,1,2,5,10,2764,p5,mud
24.58333333,0,3,7,7,2774,p5,mud
24.66666667,3,1,6,3,2778,p5,mud
24.75,5,1,8,5,2782,p5,mud
24.83333333,1,1,9,7,2791,p5,mud
24.91666667,2,1,9,3,2799,p5,mud
25,3,1,12,2,2809,p5,mud
25.08333333,1,1,5,6,2814,p5,mud
25.16666667,2,1,4,3,2817,p5,mud
25.25,1,4,2,4,2822,p5,mud
25.33333333,3,0,9,6,2828,p5,mud
25.41666667,5,1,5,3,2829,p5,mud
25.5,1,1,8,8,2837,p5,mud
25.58333333,2,0,6,3,2841,p5,mud
25.66666667,0,3,11,2,2855,p5,mud
25.75,0,0,8,6,2863,p5,mud
25.83333333,2,1,5,4,2867,p5,mud
12,0,1,4,0,907,p6,mud
12.08333333,0,0,5,1,912,p6,mud
12.16666667,0,0,4,0,916,p6,mud
12.25,0,0,5,1,921,p6,mud
12.33333333,0,0,4,1,925,p6,mud
12.41666667,0,0,7,1,932,p6,mud
12.5,0,0,4,1,936,p6,mud
12.58333333,0,0,0,0,936,p6,mud
12.66666667,0,0,9,0,945,p6,mud
12.75,0,3,4,1,952,p6,mud
12.83333333,0,0,4,1,956,p6,mud
12.91666667,0,3,2,0,961,p6,mud
13,0,0,4,1,965,p6,mud
13.08333333,0,0,2,1,967,p6,mud
13.16666667,0,0,7,0,974,p6,mud
13.25,0,0,5,0,979,p6,mud
13.33333333,0,0,7,1,986,p6,mud
13.41666667,0,1,5,1,992,p6,mud
13.5,0,0,5,2,997,p6,mud
13.58333333,0,1,11,3,1009,p6,mud
13.66666667,0,0,13,1,1022,p6,mud
13.75,1,0,8,2,1029,p6,mud
13.83333333,0,3,12,0,1044,p6,mud
13.91666667,0,1,9,2,1054,p6,mud
14,0,2,16,5,1072,p6,mud
14.08333333,0,1,15,3,1088,p6,mud
14.16666667,0,1,18,1,1107,p6,mud
14.25,2,3,22,6,1130,p6,mud
14.33333333,1,2,23,1,1154,p6,mud
14.41666667,0,3,27,3,1184,p6,mud
14.5,0,3,26,4,1213,p6,mud
14.58333333,0,5,25,6,1243,p6,mud
14.66666667,0,0,21,1,1264,p6,mud
14.75,0,4,22,4,1290,p6,mud
14.83333333,0,1,21,6,1312,p6,mud
14.91666667,0,0,25,2,1337,p6,mud
15,0,2,22,6,1361,p6,mud
15.08333333,0,1,15,1,1377,p6,mud
15.16666667,0,3,21,5,1401,p6,mud
15.25,0,1,18,2,1420,p6,mud
15.33333333,0,1,19,3,1440,p6,mud
15.41666667,0,2,17,1,1459,p6,mud
15.5,0,0,18,2,1477,p6,mud
15.58333333,0,1,12,5,1490,p6,mud
15.66666667,0,0,10,2,1500,p6,mud
15.75,0,1,10,2,1511,p6,mud
15.83333333,0,0,11,1,1522,p6,mud
15.91666667,0,1,6,0,1529,p6,mud
16,0,2,7,0,1538,p6,mud
16.08333333,0,1,8,4,1547,p6,mud
16.16666667,0,0,8,4,1555,p6,mud
16.25,0,1,10,2,1566,p6,mud
16.33333333,1,0,6,2,1571,p6,mud
16.41666667,0,0,4,1,1575,p6,mud
16.5,0,1,4,1,1580,p6,mud
16.58333333,0,2,9,2,1591,p6,mud
16.66666667,0,0,9,2,1600,p6,mud
16.75,0,3,3,1,1606,p6,mud
16.83333333,0,1,5,2,1612,p6,mud
16.91666667,0,0,4,2,1616,p6,mud
17,0,1,2,2,1619,p6,mud
17.08333333,0,0,3,1,1622,p6,mud
17.16666667,0,0,3,3,1625,p6,mud
17.25,1,0,3,1,1627,p6,mud
17.33333333,0,0,3,0,1630,p6,mud
17.41666667,0,0,5,1,1635,p6,mud
17.5,0,0,4,2,1639,p6,mud
17.58333333,0,0,2,5,1641,p6,mud
17.66666667,0,1,3,1,1645,p6,mud
17.75,0,0,2,0,1647,p6,mud
17.83333333,0,0,5,0,1652,p6,mud
17.91666667,0,0,5,0,1657,p6,mud
18,0,0,5,3,1662,p6,mud
18.08333333,1,1,7,4,1669,p6,mud
18.16666667,0,2,9,1,1680,p6,mud
18.25,0,1,4,3,1685,p6,mud
18.33333333,0,0,4,0,1689,p6,mud
18.41666667,0,1,4,2,1694,p6,mud
18.5,0,1,3,8,1698,p6,mud
18.58333333,0,0,3,5,1701,p6,mud
18.66666667,0,1,2,5,1704,p6,mud
18.75,0,1,9,4,1714,p6,mud
18.83333333,1,1,10,7,1724,p6,mud
18.91666667,0,2,8,6,1734,p6,mud
19,0,3,9,3,1746,p6,mud
19.08333333,3,5,9,5,1757,p6,mud
19.16666667,0,0,11,4,1768,p6,mud
19.25,0,1,9,4,1778,p6,mud
19.33333333,2,2,9,6,1787,p6,mud
19.41666667,1,4,10,6,1800,p6,mud
19.5,1,4,16,4,1819,p6,mud
19.58333333,3,2,14,5,1832,p6,mud
19.66666667,0,7,9,8,1848,p6,mud
19.75,0,0,17,6,1865,p6,mud
19.83333333,0,5,16,7,1886,p6,mud
19.91666667,1,1,13,10,1899,p6,mud
20,0,1,15,8,1915,p6,mud
20.08333333,0,2,11,14,1928,p6,mud
20.16666667,0,7,13,4,1948,p6,mud
20.25,0,4,10,5,1962,p6,mud
20.33333333,0,4,10,9,1976,p6,mud
20.41666667,0,1,9,4,1986,p6,mud
20.5,1,1,11,8,1997,p6,mud
20.58333333,0,2,12,6,2011,p6,mud
20.66666667,0,5,13,8,2029,p6,mud
20.75,1,1,7,10,2036,p6,mud
20.83333333,1,2,13,6,2050,p6,mud
20.91666667,0,2,10,12,2062,p6,mud
21,0,1,5,8,2068,p6,mud
21.08333333,0,0,12,6,2080,p6,mud
21.16666667,0,3,14,5,2097,p6,mud
21.25,2,2,7,7,2104,p6,mud
21.33333333,1,1,14,5,2118,p6,mud
21.41666667,1,5,24,7,2146,p6,mud
21.5,0,0,9,2,2155,p6,mud
21.58333333,0,2,8,7,2165,p6,mud
21.66666667,0,1,7,8,2173,p6,mud
21.75,0,2,15,9,2190,p6,mud
21.83333333,0,4,9,4,2203,p6,mud
21.91666667,0,4,11,5,2218,p6,mud
22,0,3,5,11,2226,p6,mud
22.08333333,0,1,13,11,2240,p6,mud
22.16666667,0,3,11,8,2254,p6,mud
22.25,0,1,8,4,2263,p6,mud
22.33333333,2,3,5,5,2269,p6,mud
22.41666667,1,1,8,6,2277,p6,mud
22.5,0,2,7,4,2286,p6,mud
22.58333333,0,3,8,4,2297,p6,mud
22.66666667,0,0,8,4,2305,p6,mud
22.75,2,1,10,11,2314,p6,mud
22.83333333,0,4,10,5,2328,p6,mud
22.91666667,2,1,8,4,2335,p6,mud
23,0,2,6,5,2343,p6,mud
23.08333333,0,1,6,12,2350,p6,mud
23.16666667,0,1,7,6,2358,p6,mud
23.25,1,0,8,3,2365,p6,mud
23.33333333,3,1,6,4,2369,p6,mud
23.41666667,1,1,10,10,2379,p6,mud
23.5,3,5,9,6,2390,p6,mud
23.58333333,1,2,3,4,2394,p6,mud
23.66666667,0,3,9,4,2406,p6,mud
23.75,0,3,10,6,2419,p6,mud
23.83333333,0,1,6,2,2426,p6,mud
23.91666667,0,0,3,6,2429,p6,mud
24,0,1,3,5,2433,p6,mud
24.08333333,2,2,4,4,2437,p6,mud
24.16666667,0,0,6,6,2443,p6,mud
24.25,1,2,6,1,2450,p6,mud
24.33333333,1,1,8,2,2458,p6,mud
24.41666667,0,2,4,5,2464,p6,mud
24.5,0,1,1,2,2466,p6,mud
24.58333333,0,0,7,3,2473,p6,mud
24.66666667,0,3,4,3,2480,p6,mud
24.75,1,0,4,1,2483,p6,mud
24.83333333,1,0,9,2,2491,p6,mud
24.91666667,5,0,6,6,2492,p6,mud
25,3,0,8,0,2497,p6,mud
25.08333333,0,2,2,5,2501,p6,mud
25.16666667,2,1,2,1,2502,p6,mud
25.25,0,1,3,5,2506,p6,mud
25.33333333,1,2,5,5,2512,p6,mud
25.41666667,3,0,5,4,2514,p6,mud
25.5,0,1,4,2,2519,p6,mud
25.58333333,2,1,6,1,2524,p6,mud
25.66666667,1,0,3,2,2526,p6,mud
25.75,2,1,2,1,2527,p6,mud
25.83333333,0,0,2,1,2529,p6,mud
12,0,0,4,0,857,p7,Sas4
12.08333333,0,0,3,0,860,p7,Sas4
12.16666667,0,0,2,0,862,p7,Sas4
12.25,0,0,4,0,866,p7,Sas4
12.33333333,0,1,0,0,867,p7,Sas4
12.41666667,0,0,2,0,869,p7,Sas4
12.5,0,0,2,0,871,p7,Sas4
12.58333333,1,0,0,1,870,p7,Sas4
12.66666667,0,0,1,0,871,p7,Sas4
12.75,0,0,3,0,874,p7,Sas4
12.83333333,0,0,1,0,875,p7,Sas4
12.91666667,0,0,2,0,877,p7,Sas4
13,0,0,3,0,880,p7,Sas4
13.08333333,0,0,3,0,883,p7,Sas4
13.16666667,0,0,2,0,885,p7,Sas4
13.25,0,0,6,1,891,p7,Sas4
13.33333333,0,1,3,0,895,p7,Sas4
13.41666667,0,0,1,0,896,p7,Sas4
13.5,0,0,1,0,897,p7,Sas4
13.58333333,0,0,5,1,902,p7,Sas4
13.66666667,1,1,4,1,906,p7,Sas4
13.75,0,1,8,0,915,p7,Sas4
13.83333333,0,0,8,0,923,p7,Sas4
13.91666667,0,0,4,0,927,p7,Sas4
14,0,0,8,0,935,p7,Sas4
14.08333333,0,1,9,1,945,p7,Sas4
14.16666667,0,0,11,0,956,p7,Sas4
14.25,1,1,20,1,976,p7,Sas4
14.33333333,0,1,10,0,987,p7,Sas4
14.41666667,0,1,19,0,1007,p7,Sas4
14.5,0,1,22,4,1030,p7,Sas4
14.58333333,0,0,16,4,1046,p7,Sas4
14.66666667,0,7,25,5,1078,p7,Sas4
14.75,0,1,23,4,1102,p7,Sas4
14.83333333,0,2,15,6,1119,p7,Sas4
14.91666667,0,2,21,4,1142,p7,Sas4
15,1,1,22,1,1164,p7,Sas4
15.08333333,0,2,17,1,1183,p7,Sas4
15.16666667,0,4,10,0,1197,p7,Sas4
15.25,0,2,21,5,1220,p7,Sas4
15.33333333,0,0,14,4,1234,p7,Sas4
15.41666667,0,1,20,2,1255,p7,Sas4
15.5,0,1,18,1,1274,p7,Sas4
15.58333333,0,1,12,2,1287,p7,Sas4
15.66666667,0,3,12,6,1302,p7,Sas4
15.75,0,4,9,2,1315,p7,Sas4
15.83333333,0,2,13,0,1330,p7,Sas4
15.91666667,0,0,15,0,1345,p7,Sas4
16,0,0,9,2,1354,p7,Sas4
16.08333333,1,0,18,3,1371,p7,Sas4
16.16666667,0,1,10,3,1382,p7,Sas4
16.25,1,0,8,0,1389,p7,Sas4
16.33333333,0,0,6,2,1395,p7,Sas4
16.41666667,0,1,6,2,1402,p7,Sas4
16.5,0,1,9,2,1412,p7,Sas4
16.58333333,0,0,5,2,1417,p7,Sas4
16.66666667,0,1,4,0,1422,p7,Sas4
16.75,0,0,4,0,1426,p7,Sas4
16.83333333,0,0,6,2,1432,p7,Sas4
16.91666667,0,1,3,0,1436,p7,Sas4
17,2,0,14,0,1448,p7,Sas4
17.08333333,0,2,8,3,1458,p7,Sas4
17.16666667,2,0,5,0,1461,p7,Sas4
17.25,0,0,6,3,1467,p7,Sas4
17.33333333,0,0,11,2,1478,p7,Sas4
17.41666667,0,2,7,3,1487,p7,Sas4
17.5,3,1,4,2,1489,p7,Sas4
17.58333333,0,1,3,1,1493,p7,Sas4
17.66666667,1,3,7,0,1502,p7,Sas4
17.75,1,0,6,1,1507,p7,Sas4
17.83333333,1,1,6,1,1513,p7,Sas4
17.91666667,1,2,8,4,1522,p7,Sas4
18,1,1,4,4,1526,p7,Sas4
18.08333333,0,0,8,0,1534,p7,Sas4
18.16666667,0,2,5,1,1541,p7,Sas4
18.25,0,0,3,2,1544,p7,Sas4
18.33333333,0,0,6,9,1550,p7,Sas4
18.41666667,2,0,6,2,1554,p7,Sas4
18.5,0,0,6,1,1560,p7,Sas4
18.58333333,1,2,4,2,1565,p7,Sas4
18.66666667,1,2,6,5,1572,p7,Sas4
18.75,1,2,6,4,1579,p7,Sas4
18.83333333,2,2,8,1,1587,p7,Sas4
18.91666667,0,0,6,1,1593,p7,Sas4
19,2,2,4,0,1597,p7,Sas4
19.08333333,0,0,8,4,1605,p7,Sas4
19.16666667,0,0,6,3,1611,p7,Sas4
19.25,0,0,8,5,1619,p7,Sas4
19.33333333,0,3,7,3,1629,p7,Sas4
19.41666667,2,1,14,6,1642,p7,Sas4
19.5,0,1,8,4,1651,p7,Sas4
19.58333333,0,3,11,4,1665,p7,Sas4
19.66666667,1,0,7,5,1671,p7,Sas4
19.75,0,0,5,7,1676,p7,Sas4
19.83333333,0,2,10,6,1688,p7,Sas4
19.91666667,1,0,15,8,1702,p7,Sas4
20,0,3,18,1,1723,p7,Sas4
20.08333333,0,1,9,4,1733,p7,Sas4
20.16666667,0,0,8,3,1741,p7,Sas4
20.25,0,4,12,7,1757,p7,Sas4
20.33333333,0,4,11,4,1772,p7,Sas4
20.41666667,0,0,13,6,1785,p7,Sas4
20.5,0,4,8,8,1797,p7,Sas4
20.58333333,0,2,6,8,1805,p7,Sas4
20.66666667,1,1,13,4,1818,p7,Sas4
20.75,2,3,13,5,1832,p7,Sas4
20.83333333,0,3,12,2,1847,p7,Sas4
20.91666667,2,1,14,8,1860,p7,Sas4
21,1,0,9,4,1868,p7,Sas4
21.08333333,0,4,13,11,1885,p7,Sas4
21.16666667,1,3,15,6,1902,p7,Sas4
21.25,0,2,16,5,1920,p7,Sas4
21.33333333,0,0,11,9,1931,p7,Sas4
21.41666667,0,4,10,12,1945,p7,Sas4
21.5,0,1,10,3,1956,p7,Sas4
21.58333333,0,1,9,7,1966,p7,Sas4
21.66666667,1,2,11,7,1978,p7,Sas4
21.75,1,0,13,5,1990,p7,Sas4
21.83333333,0,3,11,4,2004,p7,Sas4
21.91666667,0,1,10,5,2015,p7,Sas4
22,2,3,4,3,2020,p7,Sas4
22.08333333,0,0,10,9,2030,p7,Sas4
22.16666667,0,3,6,5,2039,p7,Sas4
22.25,0,2,7,4,2048,p7,Sas4
22.33333333,0,2,6,4,2056,p7,Sas4
22.41666667,0,1,11,8,2068,p7,Sas4
22.5,0,2,8,8,2078,p7,Sas4
22.58333333,1,2,8,4,2087,p7,Sas4
22.66666667,0,3,7,6,2097,p7,Sas4
22.75,0,1,5,4,2103,p7,Sas4
22.83333333,1,0,10,2,2112,p7,Sas4
22.91666667,1,2,8,1,2121,p7,Sas4
23,0,1,11,5,2133,p7,Sas4
23.08333333,0,1,11,3,2145,p7,Sas4
23.16666667,2,2,10,0,2155,p7,Sas4
23.25,0,1,8,7,2164,p7,Sas4
23.33333333,0,1,12,2,2177,p7,Sas4
23.41666667,0,1,5,4,2183,p7,Sas4
23.5,0,1,10,3,2194,p7,Sas4
23.58333333,0,1,7,3,2202,p7,Sas4
23.66666667,0,0,9,4,2211,p7,Sas4
23.75,1,2,7,6,2219,p7,Sas4
23.83333333,0,1,7,4,2227,p7,Sas4
23.91666667,1,2,8,5,2236,p7,Sas4
24,3,0,5,9,2238,p7,Sas4
24.08333333,0,1,3,3,2242,p7,Sas4
24.16666667,0,0,2,3,2244,p7,Sas4
24.25,3,1,5,4,2247,p7,Sas4
24.33333333,0,0,9,6,2256,p7,Sas4
24.41666667,2,0,5,10,2259,p7,Sas4
24.5,0,1,9,4,2269,p7,Sas4
24.58333333,2,0,4,4,2271,p7,Sas4
24.66666667,0,2,8,7,2281,p7,Sas4
24.75,0,2,5,2,2288,p7,Sas4
24.83333333,1,1,10,6,2298,p7,Sas4
24.91666667,1,0,2,2,2299,p7,Sas4
25,1,1,3,2,2302,p7,Sas4
25.08333333,1,3,6,6,2310,p7,Sas4
25.16666667,1,0,3,4,2312,p7,Sas4
25.25,3,1,4,3,2314,p7,Sas4
25.33333333,3,0,4,3,2315,p7,Sas4
25.41666667,0,0,8,1,2323,p7,Sas4
25.5,1,0,3,7,2325,p7,Sas4
25.58333333,1,0,7,3,2331,p7,Sas4
25.66666667,1,0,7,4,2337,p7,Sas4
25.75,0,0,4,3,2341,p7,Sas4
25.83333333,1,0,5,3,2345,p7,Sas4
12,0,0,1,0,894,p8,Sas4
12.08333333,0,0,1,0,895,p8,Sas4
12.16666667,0,0,4,0,899,p8,Sas4
12.25,0,0,5,0,904,p8,Sas4
12.33333333,0,0,6,0,910,p8,Sas4
12.41666667,0,0,8,0,918,p8,Sas4
12.5,0,0,7,0,925,p8,Sas4
12.58333333,0,0,6,0,931,p8,Sas4
12.66666667,0,0,6,1,937,p8,Sas4
12.75,0,1,2,1,940,p8,Sas4
12.83333333,0,0,7,1,947,p8,Sas4
12.91666667,0,0,4,0,951,p8,Sas4
13,0,1,7,0,959,p8,Sas4
13.08333333,0,0,5,0,964,p8,Sas4
13.16666667,0,1,7,2,972,p8,Sas4
13.25,0,0,6,0,978,p8,Sas4
13.33333333,0,2,9,0,989,p8,Sas4
13.41666667,0,1,7,0,997,p8,Sas4
13.5,0,0,8,1,1005,p8,Sas4
13.58333333,0,2,10,0,1017,p8,Sas4
13.66666667,0,0,10,0,1027,p8,Sas4
13.75,0,0,11,0,1038,p8,Sas4
13.83333333,0,1,9,2,1048,p8,Sas4
13.91666667,0,1,15,0,1064,p8,Sas4
14,0,0,13,1,1077,p8,Sas4
14.08333333,0,1,10,1,1088,p8,Sas4
14.16666667,0,1,20,1,1109,p8,Sas4
14.25,0,2,19,4,1130,p8,Sas4
14.33333333,0,7,16,0,1153,p8,Sas4
14.41666667,0,2,14,2,1169,p8,Sas4
14.5,0,2,19,3,1190,p8,Sas4
14.58333333,0,1,15,5,1206,p8,Sas4
14.66666667,0,1,13,3,1220,p8,Sas4
14.75,0,2,13,1,1235,p8,Sas4
14.83333333,0,4,16,1,1255,p8,Sas4
14.91666667,0,5,16,9,1276,p8,Sas4
15,0,5,21,3,1302,p8,Sas4
15.08333333,0,4,15,9,1321,p8,Sas4
15.16666667,0,4,16,5,1341,p8,Sas4
15.25,0,3,12,4,1356,p8,Sas4
15.33333333,0,3,17,3,1376,p8,Sas4
15.41666667,0,1,14,2,1391,p8,Sas4
15.5,0,3,11,1,1405,p8,Sas4
15.58333333,0,3,15,4,1423,p8,Sas4
15.66666667,0,3,6,2,1432,p8,Sas4
15.75,0,2,10,4,1444,p8,Sas4
15.83333333,0,3,5,6,1452,p8,Sas4
15.91666667,0,3,8,3,1463,p8,Sas4
16,0,1,5,3,1469,p8,Sas4
16.08333333,1,3,7,2,1478,p8,Sas4
16.16666667,0,8,9,4,1495,p8,Sas4
16.25,0,4,3,4,1502,p8,Sas4
16.33333333,0,5,5,4,1512,p8,Sas4
16.41666667,0,0,6,5,1518,p8,Sas4
16.5,0,1,3,2,1522,p8,Sas4
16.58333333,0,4,7,4,1533,p8,Sas4
16.66666667,0,1,5,2,1539,p8,Sas4
16.75,0,2,3,3,1544,p8,Sas4
16.83333333,0,3,9,3,1556,p8,Sas4
16.91666667,0,2,4,1,1562,p8,Sas4
17,0,1,5,2,1568,p8,Sas4
17.08333333,0,2,7,2,1577,p8,Sas4
17.16666667,0,3,12,2,1592,p8,Sas4
17.25,0,1,6,3,1599,p8,Sas4
17.33333333,0,2,3,2,1604,p8,Sas4
17.41666667,0,2,3,5,1609,p8,Sas4
17.5,0,1,8,6,1618,p8,Sas4
17.58333333,0,3,6,4,1627,p8,Sas4
17.66666667,0,2,3,4,1632,p8,Sas4
17.75,1,0,3,6,1634,p8,Sas4
17.83333333,0,2,8,6,1644,p8,Sas4
17.91666667,0,1,7,7,1652,p8,Sas4
18,0,2,7,4,1661,p8,Sas4
18.08333333,0,4,10,3,1675,p8,Sas4
18.16666667,0,3,5,3,1683,p8,Sas4
18.25,0,2,10,8,1695,p8,Sas4
18.33333333,0,4,14,6,1713,p8,Sas4
18.41666667,2,2,4,6,1717,p8,Sas4
18.5,0,2,13,7,1732,p8,Sas4
18.58333333,0,5,12,6,1749,p8,Sas4
18.66666667,0,7,7,10,1763,p8,Sas4
18.75,0,5,10,7,1778,p8,Sas4
18.83333333,0,6,8,5,1792,p8,Sas4
18.91666667,0,3,10,6,1805,p8,Sas4
19,0,4,16,8,1825,p8,Sas4
19.08333333,0,4,8,10,1837,p8,Sas4
19.16666667,1,3,15,5,1854,p8,Sas4
19.25,2,3,9,16,1864,p8,Sas4
19.33333333,1,7,13,8,1883,p8,Sas4
19.41666667,0,4,15,5,1902,p8,Sas4
19.5,0,6,15,7,1923,p8,Sas4
19.58333333,0,1,5,6,1929,p8,Sas4
19.66666667,0,2,8,12,1939,p8,Sas4
19.75,1,0,8,4,1946,p8,Sas4
19.83333333,1,2,13,10,1960,p8,Sas4
19.91666667,0,5,16,6,1981,p8,Sas4
20,0,6,18,6,2005,p8,Sas4
20.08333333,0,4,8,10,2017,p8,Sas4
20.16666667,0,4,12,13,2033,p8,Sas4
20.25,1,1,19,6,2052,p8,Sas4
20.33333333,0,4,9,9,2065,p8,Sas4
20.41666667,1,5,10,10,2079,p8,Sas4
20.5,1,3,11,5,2092,p8,Sas4
20.58333333,0,3,11,6,2106,p8,Sas4
20.66666667,0,1,21,7,2128,p8,Sas4
20.75,2,3,12,2,2141,p8,Sas4
20.83333333,0,5,7,8,2153,p8,Sas4
20.91666667,0,4,8,7,2165,p8,Sas4
21,0,4,11,8,2180,p8,Sas4
21.08333333,0,4,10,8,2194,p8,Sas4
21.16666667,0,1,8,7,2203,p8,Sas4
21.25,0,4,11,8,2218,p8,Sas4
21.33333333,1,5,12,10,2234,p8,Sas4
21.41666667,1,4,10,6,2247,p8,Sas4
21.5,0,5,7,7,2259,p8,Sas4
21.58333333,0,3,7,11,2269,p8,Sas4
21.66666667,0,2,13,10,2284,p8,Sas4
21.75,0,1,9,10,2294,p8,Sas4
21.83333333,0,1,13,8,2308,p8,Sas4
21.91666667,1,5,15,5,2327,p8,Sas4
22,0,2,8,7,2337,p8,Sas4
22.08333333,1,2,14,8,2352,p8,Sas4
22.16666667,0,1,7,6,2360,p8,Sas4
22.25,0,9,6,9,2375,p8,Sas4
22.33333333,0,7,4,5,2386,p8,Sas4
22.41666667,0,4,6,7,2396,p8,Sas4
22.5,0,4,16,10,2416,p8,Sas4
22.58333333,0,2,10,6,2428,p8,Sas4
22.66666667,3,1,5,10,2431,p8,Sas4
22.75,2,4,7,7,2440,p8,Sas4
22.83333333,0,2,8,11,2450,p8,Sas4
22.91666667,1,2,4,10,2455,p8,Sas4
23,2,1,8,8,2462,p8,Sas4
23.08333333,0,3,7,13,2472,p8,Sas4
23.16666667,1,2,10,5,2483,p8,Sas4
23.25,0,1,9,15,2493,p8,Sas4
23.33333333,2,3,11,11,2505,p8,Sas4
23.41666667,0,0,11,11,2516,p8,Sas4
23.5,2,1,2,9,2517,p8,Sas4
23.58333333,1,1,6,7,2523,p8,Sas4
23.66666667,0,4,7,7,2534,p8,Sas4
23.75,1,1,4,6,2538,p8,Sas4
23.83333333,1,4,8,8,2549,p8,Sas4
23.91666667,1,0,4,10,2552,p8,Sas4
24,3,2,3,6,2554,p8,Sas4
24.08333333,1,1,2,6,2556,p8,Sas4
24.16666667,1,2,5,8,2562,p8,Sas4
24.25,1,1,4,8,2566,p8,Sas4
24.33333333,1,4,7,5,2576,p8,Sas4
24.41666667,0,4,12,6,2592,p8,Sas4
24.5,0,2,7,7,2601,p8,Sas4
24.58333333,1,3,5,10,2608,p8,Sas4
24.66666667,1,2,5,15,2614,p8,Sas4
24.75,1,1,7,6,2621,p8,Sas4
24.83333333,0,0,6,5,2627,p8,Sas4
24.91666667,0,3,6,5,2636,p8,Sas4
25,1,1,7,5,2643,p8,Sas4
25.08333333,0,1,5,7,2649,p8,Sas4
25.16666667,2,1,7,11,2655,p8,Sas4
25.25,1,3,4,3,2661,p8,Sas4
25.33333333,3,1,6,7,2665,p8,Sas4
25.41666667,1,2,5,6,2671,p8,Sas4
25.5,2,0,5,9,2674,p8,Sas4
25.58333333,1,0,6,9,2679,p8,Sas4
25.66666667,0,0,1,7,2680,p8,Sas4
25.75,0,1,5,8,2686,p8,Sas4
25.83333333,2,0,7,4,2691,p8,Sas4
